,Date,Avg temperature (F),Precip Inches,Cloud Cover,Wind Speed(Miles)
0,2016-01-01,11,0.0,2.0,3.375
1,2016-01-02,20,0.0,10.875,4.5
2,2016-01-03,24,0.0,10.75,3.5
3,2016-01-04,22,0.0,56.25,5.75
4,2016-01-05,28,0.0,19.75,3.25
5,2016-01-06,28,0.0,25.625,3.5
6,2016-01-07,26,0.0,50.75,2.25
7,2016-01-08,21,0.0,94.75,3.875
8,2016-01-09,14,0.0,25.75,2.75
9,2016-01-10,15,0.0,4.5,4.0
10,2016-01-11,18,0.0,11.125,5.75
11,2016-01-12,25,0.0,20.625,5.25
12,2016-01-13,30,0.0,5.75,6.125
13,2016-01-14,28,0.0,6.375,8.875
14,2016-01-15,22,0.0,25.0,4.875
15,2016-01-16,20,0.0,40.75,2.875
16,2016-01-17,22,0.0,23.125,2.625
17,2016-01-18,28,0.0,16.5,4.375
18,2016-01-19,29,0.0,50.25,3.625
19,2016-01-20,31,0.0,33.875,6.0
20,2016-01-21,25,0.0,9.5,4.375
21,2016-01-22,31,0.0,3.75,4.875
22,2016-01-23,34,0.0,18.125,5.0
23,2016-01-24,31,0.0,18.625,5.0
24,2016-01-25,25,0.0,48.5,4.375
25,2016-01-26,22,0.0,9.375,4.375
26,2016-01-27,30,0.0,3.875,5.0
27,2016-01-28,34,0.0,1.625,5.125
28,2016-01-29,37,0.0,6.875,6.875
29,2016-01-30,40,0.0,29.75,6.5
30,2016-01-31,27,0.0,63.875,5.0
31,2016-02-01,21,0.0,87.0,4.0
32,2016-02-02,15,0.0,96.125,8.125
33,2016-02-03,7,0.0,35.25,5.75
34,2016-02-04,16,0.0,28.625,5.0
35,2016-02-05,20,0.0,31.5,4.25
36,2016-02-06,27,0.0,24.875,7.0
37,2016-02-07,25,0.0,11.75,5.0
38,2016-02-08,26,0.0,5.75,3.5
39,2016-02-09,31,0.0,0.625,4.875
40,2016-02-10,38,0.0,15.625,9.0
41,2016-02-11,37,0.0,6.125,5.75
42,2016-02-12,37,0.0,10.625,4.25
43,2016-02-13,40,0.0,17.75,6.125
44,2016-02-14,37,0.0,7.125,5.625
45,2016-02-15,39,0.0,6.25,8.625
46,2016-02-16,39,0.0,8.5,5.0
47,2016-02-17,43,0.0,19.625,4.25
48,2016-02-18,49,0.0,9.125,10.875
49,2016-02-19,43,0.0,1.875,6.25
50,2016-02-20,43,0.0,5.5,5.75
51,2016-02-21,34,0.0,10.125,6.625
52,2016-02-22,33,0.0,50.0,4.25
53,2016-02-23,27,0.0,38.875,6.25
54,2016-02-24,28,0.0,2.625,6.375
55,2016-02-25,28,0.0,7.625,3.5
56,2016-02-26,38,0.0,3.0,5.125
57,2016-02-27,46,0.0,14.625,7.375
58,2016-02-28,43,0.0,2.125,6.5
59,2016-02-29,44,0.0,13.625,7.25
60,2016-03-01,38,0.0,8.75,3.875
61,2016-03-02,44,0.0,7.375,11.5
62,2016-03-03,44,0.0,43.875,3.25
63,2016-03-04,45,0.0,54.5,7.125
64,2016-03-05,47,0.0,27.375,6.5
65,2016-03-06,49,0.0,20.875,5.375
66,2016-03-07,42,0.0,12.25,6.625
67,2016-03-08,35,0.0,20.25,3.5
68,2016-03-09,39,0.0,22.625,4.25
69,2016-03-10,43,0.0,1.875,4.375
70,2016-03-11,51,0.0,12.0,5.625
71,2016-03-12,50,0.0,51.75,7.5
72,2016-03-13,49,0.0,16.875,5.5
73,2016-03-14,47,0.0,20.625,9.375
74,2016-03-15,35,0.0,43.0,8.625
75,2016-03-16,33,0.0,34.125,7.375
76,2016-03-17,31,0.0,63.625,5.0
77,2016-03-18,21,0.0,72.125,5.625
78,2016-03-19,19,0.0,45.125,3.75
79,2016-03-20,30,0.0,1.0,5.125
80,2016-03-21,48,0.0,28.375,6.625
81,2016-03-22,50,0.0,5.375,9.875
82,2016-03-23,29,0.1,64.875,12.25
83,2016-03-24,28,0.0,20.625,4.75
84,2016-03-25,31,0.0,45.75,4.625
85,2016-03-26,23,0.0,70.625,4.375
86,2016-03-27,28,0.0,2.875,5.25
87,2016-03-28,40,0.0,8.0,6.625
88,2016-03-29,42,0.0,15.875,5.125
89,2016-03-30,32,0.0,32.125,6.375
90,2016-03-31,29,0.0,63.75,5.125
91,2016-04-01,31,0.0,8.125,4.5
92,2016-04-02,41,0.0,5.625,5.875
93,2016-04-03,47,0.0,1.0,5.375
94,2016-04-04,52,0.0,12.75,3.875
95,2016-04-05,48,0.0,7.25,11.625
96,2016-04-06,47,0.0,1.875,9.25
97,2016-04-07,49,0.0,3.875,5.0
98,2016-04-08,47,0.0,13.375,3.125
99,2016-04-09,52,0.0,32.125,5.625
100,2016-04-10,50,0.0,26.25,5.875
101,2016-04-11,44,0.0,29.875,3.75
102,2016-04-12,50,0.0,9.0,3.875
103,2016-04-13,44,0.0,50.25,8.375
104,2016-04-14,43,0.0,49.75,7.0
105,2016-04-15,43,0.0,57.375,8.125
106,2016-04-16,41,0.0,71.5,6.375
107,2016-04-17,41,0.0,55.625,7.75
108,2016-04-18,43,0.0,53.125,6.125
109,2016-04-19,46,0.0,58.375,6.5
110,2016-04-20,45,0.0,56.375,6.125
111,2016-04-21,45,0.0,7.375,3.75
112,2016-04-22,54,0.0,6.5,5.5
113,2016-04-23,58,0.0,36.0,11.5
114,2016-04-24,49,0.0,4.125,7.75
115,2016-04-25,52,0.0,22.0,6.875
116,2016-04-26,41,0.0,24.375,5.0
117,2016-04-27,39,0.0,20.875,3.75
118,2016-04-28,35,0.0,58.875,5.375
119,2016-04-29,32,0.0,93.5,3.25
120,2016-04-30,30,0.0,92.125,6.625
121,2016-05-01,31,0.0,67.875,4.75
122,2016-05-02,36,0.0,8.25,2.125
123,2016-05-03,46,0.0,4.125,7.5
124,2016-05-04,54,0.0,0.625,5.125
125,2016-05-05,60,0.0,7.375,5.875
126,2016-05-06,61,0.0,12.0,6.0
127,2016-05-07,47,0.0,38.125,6.75
128,2016-05-08,45,0.0,22.0,3.125
129,2016-05-09,50,0.0,21.25,6.625
130,2016-05-10,51,0.0,15.625,4.875
131,2016-05-11,46,0.0,14.375,4.25
132,2016-05-12,51,0.0,2.75,4.25
133,2016-05-13,54,0.0,10.125,7.5
134,2016-05-14,48,0.0,40.625,5.625
135,2016-05-15,46,0.0,38.25,3.5
136,2016-05-16,42,0.0,84.75,4.875
137,2016-05-17,40,0.0,77.25,3.625
138,2016-05-18,44,0.0,25.625,5.75
139,2016-05-19,50,0.0,56.5,5.75
140,2016-05-20,51,0.0,53.25,4.875
141,2016-05-21,55,0.0,63.25,6.375
142,2016-05-22,59,0.0,7.125,6.25
143,2016-05-23,53,0.0,21.25,5.5
144,2016-05-24,54,0.0,16.5,4.625
145,2016-05-25,55,0.0,9.0,4.125
146,2016-05-26,45,0.0,26.625,5.625
147,2016-05-27,49,0.0,41.625,6.375
148,2016-05-28,59,0.1,18.25,3.25
149,2016-05-29,58,0.0,14.125,4.375
150,2016-05-30,61,0.0,17.875,4.125
151,2016-05-31,60,0.0,47.875,6.0
152,2016-06-01,58,0.0,30.75,4.625
153,2016-06-02,62,0.0,3.5,5.0
154,2016-06-03,65,0.0,8.375,6.0
155,2016-06-04,61,0.0,10.25,4.0
156,2016-06-05,64,0.0,6.25,4.5
157,2016-06-06,65,0.0,7.375,4.125
158,2016-06-07,65,0.0,8.75,4.875
159,2016-06-08,68,0.0,21.0,4.625
160,2016-06-09,71,0.0,12.125,4.75
161,2016-06-10,69,0.0,50.125,8.0
162,2016-06-11,73,0.0,9.125,7.25
163,2016-06-12,69,0.0,21.125,4.5
164,2016-06-13,62,0.0,14.375,5.25
165,2016-06-14,63,0.0,2.5,6.75
166,2016-06-15,64,0.0,23.0,5.625
167,2016-06-16,65,0.0,53.0,5.75
168,2016-06-17,70,0.0,5.625,5.75
169,2016-06-18,73,0.0,3.0,5.75
170,2016-06-19,79,0.0,16.625,6.125
171,2016-06-20,70,0.0,8.5,6.375
172,2016-06-21,78,0.0,9.25,4.875
173,2016-06-22,70,0.0,24.875,4.5
174,2016-06-23,71,0.0,11.25,5.375
175,2016-06-24,74,0.0,24.0,4.75
176,2016-06-25,70,0.0,9.875,5.375
177,2016-06-26,71,0.0,3.0,4.75
178,2016-06-27,73,0.0,2.0,5.125
179,2016-06-28,72,0.0,7.625,5.5
180,2016-06-29,70,0.0,11.625,4.625
181,2016-06-30,66,0.0,32.125,4.75
182,2016-07-01,66,0.0,47.75,1.875
183,2016-07-02,65,0.0,49.875,3.25
184,2016-07-03,69,0.0,11.0,5.0
185,2016-07-04,72,0.0,10.625,6.25
186,2016-07-05,72,0.0,11.25,4.625
187,2016-07-06,73,0.0,8.875,5.875
188,2016-07-07,72,0.0,7.375,5.25
189,2016-07-08,71,0.0,11.125,5.0
190,2016-07-09,77,0.0,9.125,4.875
191,2016-07-10,79,0.0,28.125,8.25
192,2016-07-11,71,0.0,5.75,4.75
193,2016-07-12,72,0.0,7.125,3.375
194,2016-07-13,71,0.0,5.125,5.25
195,2016-07-14,67,0.0,3.5,5.5
196,2016-07-15,70,0.0,9.25,7.875
197,2016-07-16,72,0.0,8.75,5.25
198,2016-07-17,72,0.0,8.125,5.125
199,2016-07-18,71,0.0,44.75,6.125
200,2016-07-19,73,0.0,47.25,5.625
201,2016-07-20,73,0.0,49.125,6.5
202,2016-07-21,71,0.0,55.875,6.0
203,2016-07-22,72,0.0,51.875,5.625
204,2016-07-23,72,0.0,65.125,6.125
205,2016-07-24,72,0.0,48.0,6.25
206,2016-07-25,70,0.0,49.125,6.375
207,2016-07-26,69,0.0,49.375,5.125
208,2016-07-27,70,0.0,47.25,6.125
209,2016-07-28,71,0.0,7.25,5.875
210,2016-07-29,68,0.0,13.375,4.25
211,2016-07-30,73,0.0,10.125,6.375
212,2016-07-31,73,0.0,25.625,5.25
213,2016-08-01,73,0.0,21.25,5.75
214,2016-08-02,73,0.0,32.125,5.875
215,2016-08-03,74,0.0,11.625,5.375
216,2016-08-04,65,0.0,34.25,6.125
217,2016-08-05,63,0.0,39.25,3.5
218,2016-08-06,66,0.0,35.75,3.25
219,2016-08-07,69,0.0,7.0,5.25
220,2016-08-08,72,0.0,6.75,4.875
221,2016-08-09,75,0.0,11.5,5.375
222,2016-08-10,73,0.0,17.25,5.125
223,2016-08-11,70,0.0,12.25,5.0
224,2016-08-12,64,0.0,4.5,4.0
225,2016-08-13,68,0.0,9.625,5.5
226,2016-08-14,69,0.0,4.75,6.25
227,2016-08-15,71,0.0,13.875,6.625
228,2016-08-16,69,0.0,12.0,5.875
229,2016-08-17,69,0.0,7.25,5.0
230,2016-08-18,68,0.0,50.25,6.0
231,2016-08-19,60,0.0,33.25,5.0
232,2016-08-20,58,0.0,26.0,5.125
233,2016-08-21,66,0.0,6.25,5.125
234,2016-08-22,71,0.0,23.0,6.375
235,2016-08-23,68,0.0,37.625,7.375
236,2016-08-24,59,0.0,58.25,4.5
237,2016-08-25,52,0.0,16.375,4.25
238,2016-08-26,59,0.0,17.625,2.875
239,2016-08-27,63,0.0,6.5,5.0
240,2016-08-28,67,0.0,21.25,5.25
241,2016-08-29,65,0.0,19.625,6.375
242,2016-08-30,60,0.0,10.75,3.75
243,2016-08-31,57,0.0,10.375,3.0
244,2016-09-01,66,0.0,6.625,5.25
245,2016-09-02,67,0.0,13.25,4.5
246,2016-09-03,69,0.0,9.875,4.375
247,2016-09-04,67,0.0,3.375,6.25
248,2016-09-05,67,0.0,3.625,4.875
249,2016-09-06,64,0.0,12.5,3.75
250,2016-09-07,67,0.0,10.5,3.0
251,2016-09-08,68,0.0,0.0,3.625
252,2016-09-09,59,0.0,4.375,6.875
253,2016-09-10,59,0.0,1.625,3.875
254,2016-09-11,67,0.0,14.25,6.25
255,2016-09-12,61,0.0,13.125,7.625
256,2016-09-13,54,0.0,27.375,6.375
257,2016-09-14,58,0.0,12.75,3.625
258,2016-09-15,57,0.0,12.375,4.25
259,2016-09-16,54,0.0,7.5,4.75
260,2016-09-17,57,0.0,4.0,4.375
261,2016-09-18,65,0.0,4.375,5.25
262,2016-09-19,69,0.0,3.0,5.625
263,2016-09-20,70,0.0,49.625,5.25
264,2016-09-21,68,0.0,26.625,5.25
265,2016-09-22,62,0.0,12.75,4.625
266,2016-09-23,62,0.0,14.625,8.25
267,2016-09-24,52,0.0,5.875,6.125
268,2016-09-25,50,0.0,9.5,4.125
269,2016-09-26,55,0.0,1.0,4.25
270,2016-09-27,58,0.0,0.25,3.375
271,2016-09-28,60,0.0,0.875,3.875
272,2016-09-29,61,0.0,7.625,4.375
273,2016-09-30,60,0.0,30.125,4.125
274,2016-10-01,60,0.0,4.875,4.375
275,2016-10-02,62,0.0,3.0,6.75
276,2016-10-03,59,0.0,12.75,9.125
277,2016-10-04,47,0.0,2.125,7.625
278,2016-10-05,49,0.0,39.0,4.5
279,2016-10-06,42,0.0,33.625,5.0
280,2016-10-07,45,0.0,3.0,4.5
281,2016-10-08,52,0.0,4.375,6.0
282,2016-10-09,55,0.0,25.375,4.5
283,2016-10-10,58,0.0,4.125,6.625
284,2016-10-11,59,0.0,18.0,5.75
285,2016-10-12,44,0.0,26.25,4.25
286,2016-10-13,54,0.0,10.375,3.625
287,2016-10-14,62,0.0,15.0,6.375
288,2016-10-15,63,0.0,5.25,5.75
289,2016-10-16,63,0.0,1.5,8.375
290,2016-10-17,57,0.0,0.5,5.875
291,2016-10-18,50,0.0,17.875,4.75
292,2016-10-19,43,0.0,17.25,4.5
293,2016-10-20,41,0.0,3.5,4.25
294,2016-10-21,52,0.0,11.25,6.125
295,2016-10-22,57,0.0,0.0,6.125
296,2016-10-23,54,0.0,7.75,3.625
297,2016-10-24,57,0.0,52.875,4.625
298,2016-10-25,58,0.0,16.125,5.875
299,2016-10-26,53,0.0,1.0,4.875
300,2016-10-27,58,0.0,15.125,5.625
301,2016-10-28,62,0.0,48.875,6.0
302,2016-10-29,59,0.0,6.25,5.375
303,2016-10-30,56,0.0,6.875,4.75
304,2016-10-31,57,0.0,0.5,6.375
305,2016-11-01,52,0.0,19.375,4.0
306,2016-11-02,45,0.0,17.875,3.5
307,2016-11-03,46,0.0,0.75,4.0
308,2016-11-04,48,0.0,8.5,4.25
309,2016-11-05,49,0.0,32.25,3.625
310,2016-11-06,50,0.0,5.75,5.125
311,2016-11-07,46,0.0,5.25,4.375
312,2016-11-08,44,0.0,2.125,3.5
313,2016-11-09,49,0.0,0.75,4.25
314,2016-11-10,49,0.0,2.5,6.0
315,2016-11-11,42,0.0,7.0,3.75
316,2016-11-12,47,0.0,2.5,4.375
317,2016-11-13,47,0.0,8.0,5.75
318,2016-11-14,49,0.0,10.875,6.375
319,2016-11-15,55,0.0,4.125,6.125
320,2016-11-16,58,0.0,24.0,11.375
321,2016-11-17,32,0.0,54.5,6.625
322,2016-11-18,19,0.0,14.75,3.875
323,2016-11-19,27,0.0,4.25,3.75
324,2016-11-20,43,0.0,22.0,6.0
325,2016-11-21,47,0.0,23.375,4.5
326,2016-11-22,36,0.0,55.75,6.0
327,2016-11-23,33,0.0,8.75,3.25
328,2016-11-24,33,0.0,3.25,5.875
329,2016-11-25,37,0.0,0.625,6.0
330,2016-11-26,39,0.0,5.125,6.0
331,2016-11-27,38,0.0,16.375,8.875
332,2016-11-28,31,0.0,23.75,8.0
333,2016-11-29,26,0.0,49.125,4.5
334,2016-11-30,23,0.0,3.25,3.875
335,2016-12-01,24,0.0,29.625,4.0
336,2016-12-02,22,0.0,40.25,3.5
337,2016-12-03,23,0.0,15.0,3.625
338,2016-12-04,29,0.0,8.625,5.375
339,2016-12-05,34,0.0,8.25,9.125
340,2016-12-06,18,0.0,34.125,5.0
341,2016-12-07,7,0.0,88.0,4.625
342,2016-12-08,2,0.0,27.125,3.0
343,2016-12-09,23,0.0,10.0,3.75
344,2016-12-10,33,0.0,7.25,6.125
345,2016-12-11,32,0.0,21.375,4.375
346,2016-12-12,28,0.0,7.25,4.625
347,2016-12-13,27,0.0,4.625,4.375
348,2016-12-14,20,0.0,23.875,5.25
349,2016-12-15,33,0.0,8.125,4.375
350,2016-12-16,36,0.0,21.375,5.25
351,2016-12-17,-4,0.0,69.0,4.25
352,2016-12-18,6,0.0,5.0,3.625
353,2016-12-19,21,0.0,4.5,6.875
354,2016-12-20,34,0.0,8.625,8.375
355,2016-12-21,31,0.0,10.625,7.25
356,2016-12-22,27,0.0,27.5,2.5
357,2016-12-23,33,0.0,15.5,4.0
358,2016-12-24,34,0.0,2.625,4.5
359,2016-12-25,31,0.0,27.0,10.0
360,2016-12-26,25,0.0,0.875,5.75
361,2016-12-27,31,0.0,0.625,5.75
362,2016-12-28,34,0.0,2.875,6.75
363,2016-12-29,29,0.0,1.625,4.875
364,2016-12-30,38,0.0,18.625,8.5
365,2016-12-31,29,0.0,6.5,3.0
366,2017-01-01,30,0.0,23.625,3.625
367,2017-01-02,30,0.0,13.375,7.125
368,2017-01-03,19,0.0,43.0,4.0
369,2017-01-04,13,0.0,55.875,4.125
370,2017-01-05,-2,0.0,96.0,4.5
371,2017-01-06,1,0.0,7.0,3.25
372,2017-01-07,12,0.0,5.25,4.75
373,2017-01-08,29,0.0,7.25,5.125
374,2017-01-09,41,0.0,4.25,12.875
375,2017-01-10,35,0.0,11.125,10.25
376,2017-01-11,37,0.0,21.625,8.25
377,2017-01-12,29,0.0,32.125,5.625
378,2017-01-13,26,0.0,20.875,1.875
379,2017-01-14,28,0.0,36.75,2.375
380,2017-01-15,27,0.0,48.875,2.0
381,2017-01-16,27,0.0,81.125,4.25
382,2017-01-17,26,0.0,5.375,4.25
383,2017-01-18,29,0.0,2.5,5.375
384,2017-01-19,33,0.0,1.5,5.0
385,2017-01-20,30,0.0,48.25,3.25
386,2017-01-21,26,0.0,31.5,4.25
387,2017-01-22,28,0.0,18.375,4.875
388,2017-01-23,33,0.0,65.125,5.0
389,2017-01-24,24,0.0,42.5,5.375
390,2017-01-25,17,0.0,34.0,2.875
391,2017-01-26,14,0.0,15.5,4.25
392,2017-01-27,19,0.0,11.0,6.25
393,2017-01-28,27,0.0,23.625,6.625
394,2017-01-29,36,0.0,6.625,7.75
395,2017-01-30,39,0.0,3.875,8.0
396,2017-01-31,40,0.0,5.5,6.875
397,2017-02-01,28,0.0,20.125,3.5
398,2017-02-02,22,0.0,34.625,4.875
399,2017-02-03,22,0.0,25.375,3.625
400,2017-02-04,36,0.0,1.875,9.25
401,2017-02-05,38,0.0,4.625,4.875
402,2017-02-06,40,0.0,8.5,8.875
403,2017-02-07,42,0.0,11.875,6.5
404,2017-02-08,42,0.0,5.375,9.25
405,2017-02-09,46,0.0,3.75,5.875
406,2017-02-10,53,0.0,0.75,10.625
407,2017-02-11,45,0.0,23.0,4.375
408,2017-02-12,36,0.0,50.25,4.125
409,2017-02-13,36,0.0,17.375,3.5
410,2017-02-14,30,0.0,5.25,4.125
411,2017-02-15,39,0.0,16.25,5.625
412,2017-02-16,47,0.0,0.0,6.125
413,2017-02-17,45,0.0,12.0,6.0
414,2017-02-18,45,0.0,18.125,4.25
415,2017-02-19,45,0.0,10.375,5.625
416,2017-02-20,42,0.0,11.625,5.25
417,2017-02-21,50,0.0,4.875,10.625
418,2017-02-22,45,0.0,8.125,6.625
419,2017-02-23,27,0.0,65.875,6.0
420,2017-02-24,14,0.0,85.75,3.25
421,2017-02-25,17,0.0,23.5,5.0
422,2017-02-26,19,0.0,4.5,3.75
423,2017-02-27,30,0.0,20.125,7.625
424,2017-02-28,27,0.0,57.125,4.5
425,2017-03-01,24,0.0,3.625,4.0
426,2017-03-02,30,0.0,5.25,5.75
427,2017-03-03,39,0.0,16.625,5.5
428,2017-03-04,45,0.0,16.75,7.875
429,2017-03-05,48,0.0,15.875,8.875
430,2017-03-06,34,0.0,42.75,14.375
431,2017-03-07,30,0.0,5.625,8.875
432,2017-03-08,43,0.0,8.625,7.875
433,2017-03-09,48,0.0,6.875,7.625
434,2017-03-10,44,0.0,28.375,4.375
435,2017-03-11,40,0.0,33.375,4.0
436,2017-03-12,43,0.0,22.25,10.75
437,2017-03-13,40,0.0,25.25,4.75
438,2017-03-14,49,0.0,16.25,6.875
439,2017-03-15,53,0.0,10.25,7.0
440,2017-03-16,55,0.0,24.75,7.75
441,2017-03-17,53,0.0,7.0,5.5
442,2017-03-18,56,0.0,1.875,3.625
443,2017-03-19,58,0.0,5.5,6.5
444,2017-03-20,58,0.0,46.375,6.5
445,2017-03-21,52,0.0,24.0,3.375
446,2017-03-22,52,0.0,8.75,5.125
447,2017-03-23,54,0.0,12.0,10.75
448,2017-03-24,39,0.1,55.5,12.375
449,2017-03-25,44,0.0,11.0,4.625
450,2017-03-26,42,0.0,30.375,5.375
451,2017-03-27,43,0.0,16.25,4.25
452,2017-03-28,40,0.0,46.0,7.875
453,2017-03-29,39,0.0,45.75,8.0
454,2017-03-30,47,0.0,27.625,4.375
455,2017-03-31,37,0.0,66.75,4.75
456,2017-04-01,34,0.0,73.0,3.25
457,2017-04-02,42,0.0,18.25,3.375
458,2017-04-03,42,0.0,33.625,7.0
459,2017-04-04,31,0.0,91.5,5.375
460,2017-04-05,34,0.0,20.125,4.0
461,2017-04-06,42,0.0,7.375,5.5
462,2017-04-07,52,0.0,9.625,7.75
463,2017-04-08,55,0.0,14.875,8.125
464,2017-04-09,44,0.0,1.25,10.5
465,2017-04-10,39,0.0,6.0,4.125
466,2017-04-11,48,0.0,22.5,5.875
467,2017-04-12,54,0.0,3.75,5.875
468,2017-04-13,57,0.0,6.25,7.0
469,2017-04-14,58,0.0,0.625,5.125
470,2017-04-15,52,0.0,7.75,4.75
471,2017-04-16,52,0.0,14.625,4.375
472,2017-04-17,55,0.0,12.75,5.375
473,2017-04-18,57,0.0,5.375,6.125
474,2017-04-19,55,0.0,2.375,8.875
475,2017-04-20,46,0.0,28.75,5.75
476,2017-04-21,42,0.0,58.625,7.75
477,2017-04-22,39,0.0,32.0,3.25
478,2017-04-23,53,0.0,14.625,4.625
479,2017-04-24,52,0.0,30.5,4.625
480,2017-04-25,44,0.0,38.75,5.625
481,2017-04-26,41,0.0,41.625,3.625
482,2017-04-27,42,0.0,40.125,5.375
483,2017-04-28,36,0.0,35.875,7.875
484,2017-04-29,26,0.0,95.625,9.0
485,2017-04-30,33,0.0,10.75,7.5
486,2017-05-01,44,0.0,10.0,5.0
487,2017-05-02,45,0.0,38.375,4.375
488,2017-05-03,40,0.0,47.125,4.0
489,2017-05-04,50,0.0,3.25,4.5
490,2017-05-05,57,0.0,1.25,4.875
491,2017-05-06,64,0.0,12.0,6.25
492,2017-05-07,61,0.0,12.375,5.625
493,2017-05-08,56,0.1,24.5,7.0
494,2017-05-09,54,0.0,47.375,4.0
495,2017-05-10,48,0.0,61.875,5.375
496,2017-05-11,50,0.0,42.875,5.5
497,2017-05-12,58,0.0,2.0,5.75
498,2017-05-13,64,0.0,11.25,6.625
499,2017-05-14,59,0.0,8.125,6.75
500,2017-05-15,62,0.0,41.875,6.25
501,2017-05-16,54,0.0,25.875,5.625
502,2017-05-17,51,0.0,25.25,6.875
503,2017-05-18,33,0.1,99.0,7.75
504,2017-05-19,32,0.0,80.875,5.875
505,2017-05-20,39,0.0,22.75,3.5
506,2017-05-21,47,0.0,22.625,4.25
507,2017-05-22,47,0.0,43.125,5.375
508,2017-05-23,45,0.0,9.125,6.625
509,2017-05-24,58,0.0,1.375,7.375
510,2017-05-25,62,0.0,18.125,6.25
511,2017-05-26,55,0.0,31.75,3.625
512,2017-05-27,47,0.0,52.0,4.375
513,2017-05-28,52,0.0,4.875,4.625
514,2017-05-29,52,0.0,12.375,4.125
515,2017-05-30,57,0.0,4.25,4.625
516,2017-05-31,62,0.0,10.875,3.25
517,2017-06-01,63,0.0,10.5,4.75
518,2017-06-02,61,0.0,14.375,6.375
519,2017-06-03,59,0.0,7.375,5.5
520,2017-06-04,62,0.0,4.625,4.625
521,2017-06-05,66,0.0,12.375,5.375
522,2017-06-06,63,0.0,19.75,3.375
523,2017-06-07,65,0.0,11.125,4.0
524,2017-06-08,67,0.0,5.25,5.375
525,2017-06-09,73,0.0,9.125,6.5
526,2017-06-10,76,0.0,0.75,7.375
527,2017-06-11,67,0.0,16.75,6.125
528,2017-06-12,70,0.0,7.625,8.25
529,2017-06-13,62,0.0,9.875,5.5
530,2017-06-14,65,0.0,7.0,5.5
531,2017-06-15,68,0.0,7.875,4.0
532,2017-06-16,71,0.0,5.5,6.75
533,2017-06-17,69,0.0,21.125,6.25
534,2017-06-18,65,0.0,13.125,4.875
535,2017-06-19,66,0.0,4.0,5.625
536,2017-06-20,74,0.0,15.375,4.0
537,2017-06-21,76,0.0,8.625,6.0
538,2017-06-22,73,0.0,12.625,6.5
539,2017-06-23,54,0.0,31.625,5.5
540,2017-06-24,57,0.0,31.625,5.375
541,2017-06-25,59,0.0,21.875,4.875
542,2017-06-26,66,0.0,9.25,4.625
543,2017-06-27,72,0.0,5.0,7.125
544,2017-06-28,69,0.0,23.75,5.375
545,2017-06-29,65,0.0,18.875,5.625
546,2017-06-30,58,0.0,21.0,4.375
547,2017-07-01,66,0.0,3.0,4.375
548,2017-07-02,72,0.0,10.875,4.75
549,2017-07-03,70,0.0,24.125,4.375
550,2017-07-04,72,0.0,13.375,6.0
551,2017-07-05,75,0.0,4.625,5.25
552,2017-07-06,76,0.0,11.0,5.75
553,2017-07-07,73,0.0,9.0,6.125
554,2017-07-08,70,0.0,13.0,4.25
555,2017-07-09,74,0.0,4.125,5.875
556,2017-07-10,75,0.0,19.625,5.0
557,2017-07-11,74,0.0,20.375,5.75
558,2017-07-12,67,0.0,50.625,5.75
559,2017-07-13,67,0.0,9.5,4.75
560,2017-07-14,69,0.0,10.25,4.5
561,2017-07-15,68,0.0,13.5,6.0
562,2017-07-16,69,0.0,3.0,4.5
563,2017-07-17,73,0.0,8.0,5.0
564,2017-07-18,74,0.0,19.5,6.625
565,2017-07-19,75,0.0,12.625,6.75
566,2017-07-20,73,0.0,12.375,5.125
567,2017-07-21,72,0.0,21.125,6.875
568,2017-07-22,71,0.0,14.5,4.875
569,2017-07-23,73,0.0,3.5,5.75
570,2017-07-24,76,0.0,10.375,6.625
571,2017-07-25,73,0.0,36.125,6.0
572,2017-07-26,67,0.1,25.625,4.875
573,2017-07-27,70,0.0,14.625,5.0
574,2017-07-28,70,0.0,16.25,6.125
575,2017-07-29,67,0.0,44.75,3.625
576,2017-07-30,67,0.0,24.375,4.125
577,2017-07-31,68,0.0,6.0,6.125
578,2017-08-01,70,0.0,2.625,6.25
579,2017-08-02,70,0.0,10.5,7.875
580,2017-08-03,62,0.1,32.875,6.625
581,2017-08-04,68,0.0,18.0,4.125
582,2017-08-05,68,0.0,20.375,5.875
583,2017-08-06,62,0.0,20.375,5.125
584,2017-08-07,59,0.1,58.0,5.25
585,2017-08-08,62,0.0,28.5,3.375
586,2017-08-09,63,0.0,13.75,4.875
587,2017-08-10,62,0.0,17.375,5.875
588,2017-08-11,63,0.0,15.625,3.625
589,2017-08-12,66,0.0,10.625,4.5
590,2017-08-13,67,0.0,14.75,4.625
591,2017-08-14,68,0.0,19.875,5.75
592,2017-08-15,67,0.0,12.875,4.25
593,2017-08-16,63,0.0,22.25,3.75
594,2017-08-17,67,0.0,15.875,4.875
595,2017-08-18,69,0.0,3.0,3.875
596,2017-08-19,73,0.0,12.25,5.25
597,2017-08-20,72,0.0,13.5,6.75
598,2017-08-21,71,0.0,10.375,7.375
599,2017-08-22,68,0.0,11.5,3.5
600,2017-08-23,69,0.0,26.625,7.25
601,2017-08-24,67,0.0,12.375,6.375
602,2017-08-25,69,0.0,9.375,4.75
603,2017-08-26,72,0.0,14.875,5.875
604,2017-08-27,70,0.0,6.75,5.375
605,2017-08-28,69,0.0,3.0,5.375
606,2017-08-29,72,0.0,8.25,5.5
607,2017-08-30,71,0.0,14.125,5.375
608,2017-08-31,69,0.0,17.75,6.0
609,2017-09-01,69,0.0,15.0,6.75
610,2017-09-02,70,0.0,1.5,5.125
611,2017-09-03,74,0.0,5.0,6.375
612,2017-09-04,72,0.0,10.25,7.5
613,2017-09-05,60,0.0,28.125,5.25
614,2017-09-06,62,0.0,6.0,3.875
615,2017-09-07,66,0.0,11.875,4.375
616,2017-09-08,68,0.0,11.75,4.625
617,2017-09-09,70,0.0,23.5,4.75
618,2017-09-10,70,0.0,11.875,6.625
619,2017-09-11,69,0.0,27.5,5.25
620,2017-09-12,70,0.0,8.125,5.75
621,2017-09-13,71,0.0,13.75,5.5
622,2017-09-14,69,0.0,12.625,4.875
623,2017-09-15,66,0.0,14.875,5.25
624,2017-09-16,56,0.0,16.875,6.375
625,2017-09-17,58,0.0,17.625,3.625
626,2017-09-18,62,0.0,3.625,5.25
627,2017-09-19,65,0.0,1.25,9.0
628,2017-09-20,60,0.0,1.25,4.625
629,2017-09-21,67,0.0,0.0,8.125
630,2017-09-22,63,0.0,18.375,4.75
631,2017-09-23,49,0.0,59.75,5.0
632,2017-09-24,45,0.0,57.375,6.25
633,2017-09-25,45,0.0,25.375,4.5
634,2017-09-26,47,0.0,37.5,4.125
635,2017-09-27,49,0.0,55.5,4.0
636,2017-09-28,50,0.0,52.75,5.625
637,2017-09-29,51,0.0,33.125,4.875
638,2017-09-30,55,0.0,27.0,4.625
639,2017-10-01,55,0.0,32.25,7.25
640,2017-10-02,42,0.0,74.625,6.875
641,2017-10-03,44,0.0,31.125,4.875
642,2017-10-04,54,0.0,18.25,3.25
643,2017-10-05,55,0.0,12.75,4.25
644,2017-10-06,57,0.0,26.625,6.875
645,2017-10-07,56,0.0,0.125,7.375
646,2017-10-08,55,0.0,8.25,7.625
647,2017-10-09,30,0.0,76.875,8.25
648,2017-10-10,38,0.0,1.875,5.125
649,2017-10-11,48,0.0,7.875,5.125
650,2017-10-12,56,0.0,0.625,6.0
651,2017-10-13,50,0.0,4.25,4.125
652,2017-10-14,47,0.0,0.625,5.375
653,2017-10-15,45,0.0,0.375,5.0
654,2017-10-16,53,0.0,14.875,6.75
655,2017-10-17,55,0.0,8.25,4.75
656,2017-10-18,58,0.0,28.0,6.125
657,2017-10-19,57,0.0,18.875,5.0
658,2017-10-20,58,0.0,7.0,6.625
659,2017-10-21,44,0.0,7.5,5.75
660,2017-10-22,49,0.0,10.125,5.625
661,2017-10-23,45,0.0,5.75,4.625
662,2017-10-24,44,0.0,3.375,4.125
663,2017-10-25,57,0.0,0.0,6.75
664,2017-10-26,41,0.0,47.125,8.125
665,2017-10-27,30,0.0,24.5,3.625
666,2017-10-28,41,0.0,9.625,3.75
667,2017-10-29,50,0.0,2.125,8.0
668,2017-10-30,30,0.0,47.75,6.875
669,2017-10-31,36,0.0,18.25,3.5
670,2017-11-01,49,0.0,9.375,6.5
671,2017-11-02,43,0.0,8.25,4.75
672,2017-11-03,44,0.0,15.75,2.625
673,2017-11-04,51,0.0,11.25,12.5
674,2017-11-05,42,0.0,8.625,3.75
675,2017-11-06,37,0.0,7.5,3.375
676,2017-11-07,29,0.0,68.375,6.0
677,2017-11-08,36,0.0,22.5,2.5
678,2017-11-09,35,0.0,29.75,3.875
679,2017-11-10,40,0.0,10.5,2.875
680,2017-11-11,42,0.0,1.375,3.25
681,2017-11-12,40,0.0,11.875,3.75
682,2017-11-13,49,0.0,7.875,4.75
683,2017-11-14,49,0.0,6.25,5.125
684,2017-11-15,40,0.0,4.0,5.5
685,2017-11-16,50,0.0,8.125,8.625
686,2017-11-17,51,0.0,35.75,10.75
687,2017-11-18,35,0.0,13.375,5.125
688,2017-11-19,40,0.0,35.75,6.375
689,2017-11-20,45,0.0,14.0,7.375
690,2017-11-21,40,0.0,22.375,4.875
691,2017-11-22,47,0.0,6.875,5.5
692,2017-11-23,52,0.0,5.75,6.625
693,2017-11-24,52,0.0,13.375,8.625
694,2017-11-25,45,0.0,8.25,4.0
695,2017-11-26,50,0.0,20.125,4.75
696,2017-11-27,55,0.0,0.875,8.625
697,2017-11-28,37,0.0,24.0,4.375
698,2017-11-29,42,0.0,21.0,4.375
699,2017-11-30,39,0.0,7.125,4.125
700,2017-12-01,44,0.0,14.5,5.25
701,2017-12-02,43,0.0,3.625,3.875
702,2017-12-03,47,0.0,33.875,8.875
703,2017-12-04,34,0.0,8.875,10.75
704,2017-12-05,29,0.0,2.5,3.5
705,2017-12-06,25,0.0,16.125,6.25
706,2017-12-07,24,0.0,41.625,6.375
707,2017-12-08,39,0.0,62.75,10.0
708,2017-12-09,40,0.0,2.0,6.625
709,2017-12-10,40,0.0,0.625,5.75
710,2017-12-11,42,0.0,2.75,7.0
711,2017-12-12,43,0.0,0.375,5.125
712,2017-12-13,40,0.0,17.75,6.125
713,2017-12-14,29,0.0,44.875,5.25
714,2017-12-15,37,0.0,5.0,7.875
715,2017-12-16,39,0.0,9.375,5.875
716,2017-12-17,29,0.0,24.125,3.25
717,2017-12-18,36,0.0,11.25,4.5
718,2017-12-19,38,0.0,6.0,4.25
719,2017-12-20,42,0.0,5.125,5.5
720,2017-12-21,21,0.0,49.875,6.5
721,2017-12-22,24,0.0,3.5,4.0
722,2017-12-23,27,0.0,25.875,4.25
723,2017-12-24,17,0.0,16.625,4.75
724,2017-12-25,22,0.0,18.0,2.875
725,2017-12-26,15,0.0,18.125,3.625
726,2017-12-27,30,0.0,9.75,4.625
727,2017-12-28,34,0.0,4.875,5.5
728,2017-12-29,40,0.0,7.25,7.625
729,2017-12-30,30,0.0,6.625,3.625
730,2017-12-31,20,0.0,21.75,6.25
731,2018-01-01,20,0.0,15.25,2.875
732,2018-01-02,24,0.0,3.625,2.875
733,2018-01-03,31,0.0,9.25,4.25
734,2018-01-04,32,0.0,3.75,3.625
735,2018-01-05,37,0.0,10.125,3.875
736,2018-01-06,38,0.0,36.625,3.25
737,2018-01-07,36,0.0,15.75,3.125
738,2018-01-08,40,0.0,42.375,4.875
739,2018-01-09,46,0.0,4.5,5.25
740,2018-01-10,44,0.0,32.75,5.25
741,2018-01-11,29,0.0,10.75,4.25
742,2018-01-12,34,0.0,23.25,6.25
743,2018-01-13,32,0.0,12.5,3.25
744,2018-01-14,35,0.0,6.75,3.5
745,2018-01-15,20,0.0,43.0,6.625
746,2018-01-16,19,0.0,3.25,3.5
747,2018-01-17,29,0.0,1.875,3.625
748,2018-01-18,40,0.0,20.75,5.875
749,2018-01-19,48,0.0,17.125,9.125
750,2018-01-20,40,0.0,8.375,6.25
751,2018-01-21,23,0.0,96.25,9.0
752,2018-01-22,23,0.0,16.75,7.0
753,2018-01-23,25,0.0,9.125,4.875
754,2018-01-24,32,0.0,32.125,6.5
755,2018-01-25,39,0.0,34.0,10.5
756,2018-01-26,30,0.0,17.25,7.5
757,2018-01-27,28,0.0,16.625,4.625
758,2018-01-28,33,0.0,8.0,5.625
759,2018-01-29,35,0.0,6.75,4.625
760,2018-01-30,42,0.0,18.0,8.75
761,2018-01-31,38,0.0,4.875,5.625
762,2018-02-01,27,0.0,25.875,6.75
763,2018-02-02,35,0.0,8.875,2.625
764,2018-02-03,41,0.0,10.125,8.5
765,2018-02-04,31,0.0,8.875,4.5
766,2018-02-05,38,0.0,16.5,8.875
767,2018-02-06,32,0.0,39.0,2.625
768,2018-02-07,36,0.0,6.875,5.75
769,2018-02-08,42,0.0,4.375,7.75
770,2018-02-09,34,0.0,11.375,5.5
771,2018-02-10,16,0.0,64.875,5.25
772,2018-02-11,22,0.0,11.125,6.125
773,2018-02-12,21,0.0,39.125,5.25
774,2018-02-13,33,0.0,8.875,3.75
775,2018-02-14,43,0.0,26.125,11.75
776,2018-02-15,36,0.0,29.625,6.25
777,2018-02-16,28,0.0,22.125,4.375
778,2018-02-17,35,0.0,0.125,4.75
779,2018-02-18,45,0.0,0.0,9.625
780,2018-02-19,17,0.0,59.5,7.625
781,2018-02-20,7,0.0,40.25,4.625
782,2018-02-21,13,0.0,10.75,3.875
783,2018-02-22,18,0.0,55.0,3.25
784,2018-02-23,21,0.0,32.75,3.25
785,2018-02-24,22,0.0,25.875,7.5
786,2018-02-25,23,0.0,5.875,6.625
787,2018-02-26,32,0.0,4.0,6.375
788,2018-02-27,35,0.0,3.75,3.125
789,2018-02-28,34,0.0,35.25,5.0
790,2018-03-01,35,0.0,11.875,4.125
791,2018-03-02,45,0.0,0.25,7.25
792,2018-03-03,48,0.0,0.0,6.75
793,2018-03-04,45,0.0,23.125,10.125
794,2018-03-05,29,0.0,3.625,16.25
795,2018-03-06,30,0.0,3.375,5.125
796,2018-03-07,34,0.0,10.375,4.125
797,2018-03-08,42,0.0,20.125,4.0
798,2018-03-09,45,0.0,10.375,7.25
799,2018-03-10,40,0.0,36.25,7.625
800,2018-03-11,33,0.0,17.625,3.75
801,2018-03-12,39,0.0,6.5,5.5
802,2018-03-13,40,0.0,8.25,5.375
803,2018-03-14,47,0.0,16.125,4.5
804,2018-03-15,48,0.0,18.625,6.875
805,2018-03-16,41,0.0,22.75,8.75
806,2018-03-17,44,0.0,17.5,4.875
807,2018-03-18,40,0.0,45.375,8.125
808,2018-03-19,32,0.0,38.375,4.625
809,2018-03-20,34,0.0,6.375,6.125
810,2018-03-21,41,0.0,13.625,4.125
811,2018-03-22,51,0.0,31.25,5.25
812,2018-03-23,53,0.0,3.125,12.0
813,2018-03-24,49,0.0,22.5,6.375
814,2018-03-25,48,0.0,13.625,6.125
815,2018-03-26,39,0.0,48.25,7.25
816,2018-03-27,34,0.0,48.75,5.0
817,2018-03-28,35,0.0,36.5,5.625
818,2018-03-29,33,0.0,21.5,5.625
819,2018-03-30,42,0.0,6.0,4.125
820,2018-03-31,44,0.0,16.375,5.875
821,2018-04-01,38,0.0,16.25,5.75
822,2018-04-02,51,0.0,13.125,7.5
823,2018-04-03,38,0.0,9.75,6.875
824,2018-04-04,44,0.0,13.5,4.25
825,2018-04-05,50,0.0,33.75,4.625
826,2018-04-06,33,0.0,62.25,7.5
827,2018-04-07,38,0.0,46.0,5.375
828,2018-04-08,50,0.0,26.5,9.25
829,2018-04-09,42,0.0,33.875,4.0
830,2018-04-10,51,0.0,19.25,5.25
831,2018-04-11,59,0.0,5.0,10.625
832,2018-04-12,57,0.0,13.125,9.625
833,2018-04-13,38,0.0,67.0,15.0
834,2018-04-14,39,0.0,19.5,11.25
835,2018-04-15,45,0.0,25.75,4.75
836,2018-04-16,53,0.0,31.5,5.0
837,2018-04-17,52,0.0,14.125,17.25
838,2018-04-18,40,0.0,8.625,7.0
839,2018-04-19,47,0.0,28.875,9.75
840,2018-04-20,44,0.0,21.5,6.625
841,2018-04-21,35,0.0,69.125,5.125
842,2018-04-22,46,0.0,5.625,4.25
843,2018-04-23,53,0.0,21.625,4.0
844,2018-04-24,33,0.0,78.625,5.75
845,2018-04-25,43,0.0,14.875,3.75
846,2018-04-26,46,0.0,18.125,7.125
847,2018-04-27,52,0.0,0.625,5.25
848,2018-04-28,56,0.0,16.0,5.25
849,2018-04-29,63,0.0,19.5,8.625
850,2018-04-30,57,0.0,18.625,5.0
851,2018-05-01,51,0.0,46.375,6.25
852,2018-05-02,45,0.0,67.125,5.125
853,2018-05-03,42,0.0,68.875,8.25
854,2018-05-04,51,0.0,4.25,5.0
855,2018-05-05,58,0.0,13.0,5.375
856,2018-05-06,61,0.0,16.375,4.75
857,2018-05-07,63,0.0,36.75,5.125
858,2018-05-08,62,0.0,4.125,5.5
859,2018-05-09,62,0.0,27.625,4.5
860,2018-05-10,66,0.0,13.0,6.75
861,2018-05-11,59,0.0,31.75,5.875
862,2018-05-12,53,0.0,48.75,8.0
863,2018-05-13,53,0.0,34.5,5.0
864,2018-05-14,54,0.0,37.5,5.0
865,2018-05-15,56,0.0,13.375,3.5
866,2018-05-16,62,0.0,4.875,6.375
867,2018-05-17,65,0.0,6.5,5.875
868,2018-05-18,55,0.0,16.875,5.625
869,2018-05-19,47,0.0,61.25,6.75
870,2018-05-20,47,0.0,51.125,5.5
871,2018-05-21,58,0.0,11.25,5.0
872,2018-05-22,62,0.0,9.375,4.375
873,2018-05-23,62,0.0,19.125,3.875
874,2018-05-24,65,0.0,11.0,3.5
875,2018-05-25,68,0.0,4.375,5.0
876,2018-05-26,71,0.0,6.125,5.375
877,2018-05-27,70,0.0,4.25,6.75
878,2018-05-28,58,0.0,25.375,6.0
879,2018-05-29,60,0.0,20.75,4.625
880,2018-05-30,62,0.0,8.75,3.625
881,2018-05-31,68,0.0,11.25,5.5
882,2018-06-01,70,0.0,2.75,10.0
883,2018-06-02,61,0.0,0.25,7.25
884,2018-06-03,62,0.0,10.25,3.75
885,2018-06-04,69,0.0,8.625,5.875
886,2018-06-05,74,0.0,7.25,5.75
887,2018-06-06,71,0.0,8.0,6.625
888,2018-06-07,71,0.0,12.5,6.875
889,2018-06-08,73,0.0,4.75,6.0
890,2018-06-09,73,0.0,4.5,4.375
891,2018-06-10,75,0.0,2.75,9.125
892,2018-06-11,67,0.0,0.25,7.75
893,2018-06-12,67,0.0,4.25,6.875
894,2018-06-13,72,0.0,5.5,5.875
895,2018-06-14,76,0.0,15.0,8.375
896,2018-06-15,73,0.0,12.25,5.75
897,2018-06-16,69,0.0,24.625,4.625
898,2018-06-17,61,0.0,49.375,6.0
899,2018-06-18,63,0.0,41.625,5.75
900,2018-06-19,64,0.0,43.5,7.625
901,2018-06-20,61,0.0,14.375,5.5
902,2018-06-21,65,0.0,10.625,5.625
903,2018-06-22,69,0.0,12.0,7.75
904,2018-06-23,67,0.0,20.25,4.0
905,2018-06-24,58,0.1,17.375,7.25
906,2018-06-25,63,0.0,3.875,5.0
907,2018-06-26,74,0.0,4.375,5.375
908,2018-06-27,78,0.0,10.375,6.625
909,2018-06-28,79,0.0,4.5,6.125
910,2018-06-29,79,0.0,3.0,8.5
911,2018-06-30,62,0.0,16.625,9.125
912,2018-07-01,66,0.0,4.875,4.375
913,2018-07-02,74,0.0,7.0,4.625
914,2018-07-03,75,0.0,10.5,5.375
915,2018-07-04,73,0.0,17.625,6.5
916,2018-07-05,70,0.0,17.125,8.75
917,2018-07-06,72,0.0,5.0,5.75
918,2018-07-07,76,0.0,8.5,6.625
919,2018-07-08,77,0.0,19.75,7.5
920,2018-07-09,76,0.0,1.375,6.375
921,2018-07-10,77,0.0,0.0,6.875
922,2018-07-11,75,0.0,0.375,6.0
923,2018-07-12,70,0.0,20.125,5.75
924,2018-07-13,70,0.0,6.125,4.75
925,2018-07-14,75,0.0,7.0,5.75
926,2018-07-15,66,0.0,44.25,8.625
927,2018-07-16,69,0.0,12.625,4.25
928,2018-07-17,71,0.0,10.75,5.5
929,2018-07-18,75,0.0,10.875,5.625
930,2018-07-19,78,0.0,5.875,4.5
931,2018-07-20,77,0.0,20.875,6.75
932,2018-07-21,76,0.0,18.25,5.375
933,2018-07-22,75,0.0,19.25,5.0
934,2018-07-23,67,0.0,24.375,5.125
935,2018-07-24,71,0.0,18.125,5.0
936,2018-07-25,69,0.1,25.0,7.375
937,2018-07-26,67,0.0,12.25,5.125
938,2018-07-27,67,0.0,17.25,4.625
939,2018-07-28,66,0.0,12.0,3.75
940,2018-07-29,65,0.0,18.0,6.0
941,2018-07-30,63,0.0,26.125,6.0
942,2018-07-31,66,0.0,5.0,5.625
943,2018-08-01,68,0.0,19.375,4.125
944,2018-08-02,72,0.0,8.625,4.875
945,2018-08-03,70,0.0,27.375,5.625
946,2018-08-04,73,0.0,12.875,6.875
947,2018-08-05,71,0.0,17.75,5.75
948,2018-08-06,66,0.0,29.75,6.25
949,2018-08-07,67,0.0,7.5,5.5
950,2018-08-08,67,0.0,5.75,5.875
951,2018-08-09,70,0.0,1.875,5.5
952,2018-08-10,71,0.0,1.5,5.875
953,2018-08-11,72,0.0,0.75,6.125
954,2018-08-12,72,0.0,0.0,7.75
955,2018-08-13,69,0.0,1.75,5.5
956,2018-08-14,67,0.0,14.625,5.625
957,2018-08-15,71,0.0,15.875,6.375
958,2018-08-16,70,0.0,16.625,5.625
959,2018-08-17,70,0.0,20.375,5.875
960,2018-08-18,66,0.0,22.0,6.125
961,2018-08-19,60,0.0,16.5,6.375
962,2018-08-20,60,0.0,11.75,4.875
963,2018-08-21,62,0.0,20.75,6.25
964,2018-08-22,65,0.0,25.625,4.5
965,2018-08-23,69,0.0,2.875,8.75
966,2018-08-24,71,0.0,10.25,6.125
967,2018-08-25,72,0.0,18.875,5.5
968,2018-08-26,73,0.0,13.25,7.125
969,2018-08-27,73,0.0,17.5,10.125
970,2018-08-28,63,0.0,9.625,6.625
971,2018-08-29,67,0.0,10.0,5.375
972,2018-08-30,72,0.0,15.0,4.875
973,2018-08-31,72,0.0,18.75,4.875
974,2018-09-01,67,0.0,9.875,4.25
975,2018-09-02,65,0.0,10.125,5.0
976,2018-09-03,66,0.0,24.375,4.375
977,2018-09-04,65,0.0,11.125,6.375
978,2018-09-05,60,0.0,30.875,4.125
979,2018-09-06,61,0.0,16.25,4.375
980,2018-09-07,60,0.0,9.5,4.125
981,2018-09-08,65,0.0,8.0,5.125
982,2018-09-09,69,0.0,19.5,5.75
983,2018-09-10,70,0.0,11.5,6.25
984,2018-09-11,72,0.0,19.75,6.625
985,2018-09-12,73,0.0,2.875,6.875
986,2018-09-13,74,0.0,0.0,7.875
987,2018-09-14,71,0.0,0.0,7.625
988,2018-09-15,72,0.0,0.125,6.125
989,2018-09-16,73,0.0,14.875,5.875
990,2018-09-17,73,0.0,17.625,4.0
991,2018-09-18,72,0.0,13.875,3.5
992,2018-09-19,69,0.0,19.875,7.625
993,2018-09-20,65,0.0,19.75,4.75
994,2018-09-21,60,0.0,4.0,6.625
995,2018-09-22,65,0.0,1.25,5.625
996,2018-09-23,68,0.0,13.125,5.625
997,2018-09-24,64,0.0,24.0,7.125
998,2018-09-25,52,0.0,7.125,6.5
999,2018-09-26,54,0.0,7.625,5.25
1000,2018-09-27,60,0.0,4.625,5.875
1001,2018-09-28,47,0.0,18.125,7.625
1002,2018-09-29,60,0.0,27.125,6.5
1003,2018-09-30,53,0.0,6.75,4.625
1004,2018-10-01,56,0.0,13.0,3.125
1005,2018-10-02,63,0.0,23.0,4.25
1006,2018-10-03,66,0.0,4.625,8.125
1007,2018-10-04,55,0.0,21.0,4.375
1008,2018-10-05,53,0.0,22.75,6.125
1009,2018-10-06,46,0.0,38.0,6.375
1010,2018-10-07,43,0.0,28.375,5.75
1011,2018-10-08,37,0.0,66.75,5.75
1012,2018-10-09,35,0.0,68.0,4.625
1013,2018-10-10,32,0.0,61.25,6.625
1014,2018-10-11,36,0.0,43.375,3.875
1015,2018-10-12,43,0.0,4.125,3.0
1016,2018-10-13,49,0.0,2.5,7.75
1017,2018-10-14,19,0.0,74.0,6.875
1018,2018-10-15,25,0.0,2.625,4.625
1019,2018-10-16,35,0.0,4.5,4.375
1020,2018-10-17,43,0.0,9.5,7.0
1021,2018-10-18,48,0.0,8.75,5.5
1022,2018-10-19,50,0.0,15.625,6.375
1023,2018-10-20,49,0.0,0.0,4.375
1024,2018-10-21,54,0.0,15.625,6.375
1025,2018-10-22,54,0.0,40.75,4.75
1026,2018-10-23,51,0.0,22.25,5.125
1027,2018-10-24,49,0.0,31.0,3.625
1028,2018-10-25,49,0.0,8.0,5.875
1029,2018-10-26,49,0.0,6.5,5.125
1030,2018-10-27,55,0.0,5.25,8.75
1031,2018-10-28,52,0.0,18.5,3.25
1032,2018-10-29,57,0.0,1.5,7.125
1033,2018-10-30,37,0.0,63.75,5.75
1034,2018-10-31,34,0.0,44.875,3.875
1035,2018-11-01,38,0.0,27.625,6.0
1036,2018-11-02,44,0.0,12.375,7.625
1037,2018-11-03,42,0.0,42.25,7.25
1038,2018-11-04,39,0.0,22.625,2.875
1039,2018-11-05,40,0.0,8.5,5.375
1040,2018-11-06,36,0.0,2.375,4.875
1041,2018-11-07,31,0.0,9.25,4.25
1042,2018-11-08,27,0.0,6.25,3.375
1043,2018-11-09,29,0.0,0.625,4.125
1044,2018-11-10,37,0.0,34.25,6.5
1045,2018-11-11,23,0.0,86.75,7.25
1046,2018-11-12,17,0.0,47.0,4.5
1047,2018-11-13,27,0.0,8.875,4.875
1048,2018-11-14,38,0.0,3.75,6.0
1049,2018-11-15,42,0.0,3.875,7.5
1050,2018-11-16,42,0.0,15.0,5.75
1051,2018-11-17,27,0.0,59.875,6.125
1052,2018-11-18,29,0.0,19.0,2.625
1053,2018-11-19,33,0.0,5.375,4.25
1054,2018-11-20,36,0.0,0.0,3.875
1055,2018-11-21,40,0.0,0.0,4.625
1056,2018-11-22,42,0.0,31.125,6.375
1057,2018-11-23,38,0.0,2.375,8.75
1058,2018-11-24,38,0.0,22.25,7.875
1059,2018-11-25,28,0.0,22.25,8.25
1060,2018-11-26,31,0.0,6.625,4.5
1061,2018-11-27,40,0.0,18.75,6.625
1062,2018-11-28,43,0.0,26.75,7.25
1063,2018-11-29,38,0.0,23.0,3.375
1064,2018-11-30,33,0.0,38.875,4.375
1065,2018-12-01,30,0.0,11.375,5.0
1066,2018-12-02,23,0.0,12.375,3.75
1067,2018-12-03,23,0.0,66.0,3.625
1068,2018-12-04,22,0.0,9.75,4.375
1069,2018-12-05,28,0.0,26.75,5.25
1070,2018-12-06,21,0.0,27.25,5.5
1071,2018-12-07,27,0.0,10.75,3.375
1072,2018-12-08,30,0.0,7.375,3.375
1073,2018-12-09,28,0.0,9.375,2.125
1074,2018-12-10,35,0.0,16.75,5.5
1075,2018-12-11,39,0.0,7.375,8.125
1076,2018-12-12,38,0.0,30.625,8.0
1077,2018-12-13,29,0.0,14.625,6.125
1078,2018-12-14,35,0.0,7.625,5.5
1079,2018-12-15,40,0.0,37.25,5.625
1080,2018-12-16,39,0.0,0.5,4.5
1081,2018-12-17,39,0.0,23.25,4.25
1082,2018-12-18,40,0.0,17.5,4.625
1083,2018-12-19,36,0.0,8.5,9.375
1084,2018-12-20,31,0.0,8.0,3.75
1085,2018-12-21,41,0.0,20.625,7.5
1086,2018-12-22,30,0.0,8.0,4.25
1087,2018-12-23,29,0.0,9.75,3.5
1088,2018-12-24,33,0.0,43.5,2.75
1089,2018-12-25,31,0.0,26.125,3.5
1090,2018-12-26,28,0.0,15.25,3.375
1091,2018-12-27,21,0.0,38.75,6.125
1092,2018-12-28,13,0.0,48.875,3.875
1093,2018-12-29,19,0.0,9.25,3.25
1094,2018-12-30,33,0.0,9.125,5.75
1095,2018-12-31,18,0.0,80.5,7.625
1096,2019-01-01,15,0.0,52.25,3.125
1097,2019-01-02,29,0.0,2.875,4.25
1098,2019-01-03,41,0.0,5.125,5.5
1099,2019-01-04,46,0.0,10.875,5.375
1100,2019-01-05,42,0.0,17.5,4.125
1101,2019-01-06,45,0.0,30.875,3.875
1102,2019-01-07,44,0.0,2.0,10.75
1103,2019-01-08,40,0.0,4.625,4.875
1104,2019-01-09,39,0.0,28.625,2.125
1105,2019-01-10,44,0.0,19.25,4.625
1106,2019-01-11,36,0.1,95.25,3.75
1107,2019-01-12,33,0.0,52.875,2.875
1108,2019-01-13,30,0.0,10.125,2.5
1109,2019-01-14,32,0.0,10.375,4.375
1110,2019-01-15,34,0.0,39.25,4.5
1111,2019-01-16,37,0.0,35.5,3.625
1112,2019-01-17,40,0.0,5.25,4.75
1113,2019-01-18,35,0.0,30.75,6.5
1114,2019-01-19,34,0.0,10.875,5.375
1115,2019-01-20,41,0.0,36.625,5.5
1116,2019-01-21,38,0.0,36.0,7.5
1117,2019-01-22,28,0.0,54.125,9.5
1118,2019-01-23,33,0.0,28.75,7.625
1119,2019-01-24,25,0.0,80.0,4.875
1120,2019-01-25,34,0.0,22.375,7.0
1121,2019-01-26,34,0.0,17.875,7.25
1122,2019-01-27,42,0.0,12.75,8.5
1123,2019-01-28,24,0.0,51.5,8.125
1124,2019-01-29,24,0.0,3.625,4.5
1125,2019-01-30,27,0.0,25.125,5.5
1126,2019-01-31,37,0.0,3.5,5.625
1127,2019-02-01,39,0.0,0.0,4.5
1128,2019-02-02,42,0.0,14.75,5.75
1129,2019-02-03,43,0.0,16.125,7.0
1130,2019-02-04,42,0.0,15.75,5.875
1131,2019-02-05,45,0.0,2.25,4.875
1132,2019-02-06,33,0.0,60.625,6.875
1133,2019-02-07,16,0.0,59.5,5.625
1134,2019-02-08,28,0.0,26.125,4.375
1135,2019-02-09,29,0.0,9.125,5.0
1136,2019-02-10,31,0.0,12.25,3.75
1137,2019-02-11,27,0.0,10.875,9.625
1138,2019-02-12,35,0.0,10.5,6.375
1139,2019-02-13,42,0.0,4.5,6.5
1140,2019-02-14,50,0.0,20.125,11.625
1141,2019-02-15,42,0.0,20.5,5.5
1142,2019-02-16,37,0.0,31.75,7.25
1143,2019-02-17,27,0.0,41.0,5.875
1144,2019-02-18,16,0.0,67.5,5.125
1145,2019-02-19,18,0.0,72.875,4.125
1146,2019-02-20,26,0.0,17.25,5.0
1147,2019-02-21,27,0.0,38.125,4.125
1148,2019-02-22,24,0.0,70.75,4.125
1149,2019-02-23,31,0.0,39.75,7.5
1150,2019-02-24,32,0.0,4.25,6.375
1151,2019-02-25,35,0.0,9.0,5.5
1152,2019-02-26,43,0.0,17.125,5.0
1153,2019-02-27,36,0.0,8.5,3.875
1154,2019-02-28,44,0.0,14.125,6.25
1155,2019-03-01,41,0.0,48.875,7.875
1156,2019-03-02,26,0.0,74.375,6.75
1157,2019-03-03,13,0.0,96.125,5.875
1158,2019-03-04,16,0.0,50.5,5.875
1159,2019-03-05,25,0.0,10.75,3.875
1160,2019-03-06,33,0.0,32.25,4.5
1161,2019-03-07,40,0.0,33.125,6.625
1162,2019-03-08,43,0.0,19.125,4.625
1163,2019-03-09,37,0.0,12.25,6.75
1164,2019-03-10,32,0.0,18.125,5.5
1165,2019-03-11,36,0.0,21.0,4.75
1166,2019-03-12,36,0.0,31.5,5.375
1167,2019-03-13,30,0.2,77.125,9.0
1168,2019-03-14,28,0.0,59.625,5.25
1169,2019-03-15,37,0.0,2.625,5.125
1170,2019-03-16,41,0.0,6.75,4.25
1171,2019-03-17,43,0.0,10.875,4.625
1172,2019-03-18,44,0.0,12.5,4.375
1173,2019-03-19,37,0.0,57.125,4.625
1174,2019-03-20,48,0.0,0.625,4.125
1175,2019-03-21,49,0.0,17.125,6.25
1176,2019-03-22,49,0.0,54.625,4.875
1177,2019-03-23,50,0.0,33.75,4.875
1178,2019-03-24,47,0.0,31.625,3.75
1179,2019-03-25,51,0.0,3.5,4.5
1180,2019-03-26,58,0.0,21.875,4.125
1181,2019-03-27,61,0.0,54.0,5.625
1182,2019-03-28,60,0.0,28.375,6.75
1183,2019-03-29,50,0.0,54.0,9.375
1184,2019-03-30,35,0.0,69.125,7.375
1185,2019-03-31,41,0.0,13.0,2.75
1186,2019-04-01,49,0.0,15.625,6.25
1187,2019-04-02,49,0.0,52.375,4.375
1188,2019-04-03,53,0.0,40.375,3.5
1189,2019-04-04,59,0.0,8.375,4.75
1190,2019-04-05,62,0.0,17.5,4.75
1191,2019-04-06,61,0.0,31.125,4.75
1192,2019-04-07,65,0.0,9.0,4.0
1193,2019-04-08,66,0.0,7.125,5.75
1194,2019-04-09,68,0.0,16.625,6.25
1195,2019-04-10,53,0.1,44.625,12.0
1196,2019-04-11,33,0.0,65.625,5.75
1197,2019-04-12,35,0.0,51.125,5.25
1198,2019-04-13,39,0.0,65.25,4.75
1199,2019-04-14,54,0.0,16.25,5.5
1200,2019-04-15,63,0.0,5.0,4.5
1201,2019-04-16,60,0.0,34.25,3.625
1202,2019-04-17,52,0.0,52.375,6.25
1203,2019-04-18,54,0.0,13.625,7.875
1204,2019-04-19,62,0.0,2.875,4.125
1205,2019-04-20,68,0.0,53.75,5.625
1206,2019-04-21,64,0.0,36.125,5.625
1207,2019-04-22,47,0.0,70.125,5.5
1208,2019-04-23,58,0.0,11.5,3.625
1209,2019-04-24,65,0.0,9.125,4.625
1210,2019-04-25,56,0.0,28.5,7.625
1211,2019-04-26,66,0.0,39.75,5.0
1212,2019-04-27,64,0.0,17.5,5.5
1213,2019-04-28,67,0.0,18.25,10.25
1214,2019-04-29,33,0.2,92.875,8.625
1215,2019-04-30,47,0.1,62.875,5.875
1216,2019-05-01,51,0.1,66.875,6.75
1217,2019-05-02,52,0.0,48.125,5.875
1218,2019-05-03,60,0.0,27.0,4.25
1219,2019-05-04,60,0.0,23.375,3.625
1220,2019-05-05,65,0.0,30.125,5.625
1221,2019-05-06,60,0.0,39.875,6.5
1222,2019-05-07,61,0.1,78.25,4.5
1223,2019-05-08,46,0.2,82.5,7.625
1224,2019-05-09,38,0.1,81.5,6.375
1225,2019-05-10,47,0.0,47.375,3.625
1226,2019-05-11,57,0.0,25.125,5.25
1227,2019-05-12,62,0.0,13.25,3.875
1228,2019-05-13,69,0.0,8.375,6.375
1229,2019-05-14,71,0.0,28.625,6.625
1230,2019-05-15,73,0.0,32.0,6.375
1231,2019-05-16,73,0.0,19.0,6.5
1232,2019-05-17,67,0.0,49.125,5.875
1233,2019-05-18,57,0.0,28.375,6.875
1234,2019-05-19,53,0.0,39.375,5.125
1235,2019-05-20,57,0.0,69.5,6.5
1236,2019-05-21,52,0.1,73.875,10.0
1237,2019-05-22,42,0.0,48.5,6.0
1238,2019-05-23,45,0.0,70.875,5.625
1239,2019-05-24,61,0.0,7.75,5.375
1240,2019-05-25,64,0.0,30.0,6.0
1241,2019-05-26,71,0.0,17.125,8.25
1242,2019-05-27,68,0.0,29.5,8.375
1243,2019-05-28,54,0.0,63.375,9.375
1244,2019-05-29,51,0.0,58.875,6.0
1245,2019-05-30,62,0.0,40.25,3.625
1246,2019-05-31,70,0.0,20.25,4.5
1247,2019-06-01,72,0.0,20.375,5.375
1248,2019-06-02,72,0.0,41.5,4.5
1249,2019-06-03,73,0.0,30.5,5.875
1250,2019-06-04,73,0.0,40.25,6.0
1251,2019-06-05,70,0.0,45.0,6.25
1252,2019-06-06,76,0.0,22.0,5.75
1253,2019-06-07,76,0.0,48.75,6.625
1254,2019-06-08,78,0.0,36.875,7.75
1255,2019-06-09,53,0.0,47.5,8.125
1256,2019-06-10,70,0.0,7.0,5.75
1257,2019-06-11,69,0.0,13.875,8.875
1258,2019-06-12,65,0.0,22.375,5.375
1259,2019-06-13,77,0.0,38.25,4.875
1260,2019-06-14,73,0.0,52.25,5.75
1261,2019-06-15,70,0.0,72.75,5.625
1262,2019-06-16,72,0.0,36.875,6.5
1263,2019-06-17,66,0.0,39.25,5.375
1264,2019-06-18,67,0.0,49.75,5.0
1265,2019-06-19,72,0.0,13.25,7.125
1266,2019-06-20,74,0.0,17.375,6.25
1267,2019-06-21,58,0.1,43.25,6.875
1268,2019-06-22,56,0.1,64.25,7.0
1269,2019-06-23,58,0.0,69.0,3.625
1270,2019-06-24,72,0.0,12.875,4.625
1271,2019-06-25,73,0.0,44.5,5.75
1272,2019-06-26,81,0.0,15.125,4.875
1273,2019-06-27,83,0.0,32.25,6.0
1274,2019-06-28,85,0.0,20.875,6.625
1275,2019-06-29,79,0.0,34.625,7.125
1276,2019-06-30,80,0.0,44.125,6.5
1277,2019-07-01,79,0.1,48.0,4.0
1278,2019-07-02,78,0.0,53.875,6.25
1279,2019-07-03,80,0.0,58.25,5.875
1280,2019-07-04,79,0.0,34.5,5.25
1281,2019-07-05,75,0.0,56.875,4.75
1282,2019-07-06,74,0.1,65.875,6.625
1283,2019-07-07,78,0.0,26.125,5.0
1284,2019-07-08,77,0.0,51.5,4.375
1285,2019-07-09,80,0.0,18.875,5.625
1286,2019-07-10,76,0.0,4.5,6.875
1287,2019-07-11,84,0.0,32.75,6.0
1288,2019-07-12,79,0.0,56.625,8.5
1289,2019-07-13,85,0.0,18.0,5.25
1290,2019-07-14,80,0.0,63.75,5.875
1291,2019-07-15,83,0.0,23.0,7.0
1292,2019-07-16,84,0.0,38.875,4.5
1293,2019-07-17,88,0.0,28.0,5.875
1294,2019-07-18,90,0.0,14.75,4.75
1295,2019-07-19,92,0.0,8.375,6.0
1296,2019-07-20,83,0.2,43.375,5.875
1297,2019-07-21,79,0.1,41.125,4.625
1298,2019-07-22,75,0.1,73.0,5.375
1299,2019-07-23,78,0.0,36.0,6.75
1300,2019-07-24,83,0.0,25.125,5.625
1301,2019-07-25,75,0.0,57.125,4.75
1302,2019-07-26,83,0.0,24.75,5.5
1303,2019-07-27,79,0.0,71.0,5.25
1304,2019-07-28,81,0.0,17.5,6.625
1305,2019-07-29,82,0.0,5.625,5.875
1306,2019-07-30,82,0.0,36.0,7.0
1307,2019-07-31,83,0.0,26.5,7.125
1308,2019-08-01,81,0.0,40.625,4.25
1309,2019-08-02,80,0.0,32.5,5.5
1310,2019-08-03,83,0.0,6.25,5.5
1311,2019-08-04,81,0.0,35.375,7.375
1312,2019-08-05,78,0.0,73.125,7.5
1313,2019-08-06,85,0.0,24.375,4.625
1314,2019-08-07,82,0.0,26.25,5.0
1315,2019-08-08,76,0.1,69.0,3.875
1316,2019-08-09,83,0.0,22.5,3.5
1317,2019-08-10,80,0.1,69.875,6.875
1318,2019-08-11,76,0.1,72.625,4.75
1319,2019-08-12,81,0.0,24.25,7.625
1320,2019-08-13,83,0.0,31.125,5.25
1321,2019-08-14,81,0.0,33.75,4.375
1322,2019-08-15,85,0.0,17.375,8.25
1323,2019-08-16,79,0.0,41.0,4.875
1324,2019-08-17,81,0.0,41.0,6.0
1325,2019-08-18,84,0.0,9.375,3.75
1326,2019-08-19,85,0.0,20.375,4.25
1327,2019-08-20,87,0.0,33.5,6.5
1328,2019-08-21,78,0.0,34.25,7.375
1329,2019-08-22,76,0.0,37.5,7.25
1330,2019-08-23,79,0.0,37.125,6.375
1331,2019-08-24,83,0.0,30.625,6.125
1332,2019-08-25,87,0.0,5.5,8.25
1333,2019-08-26,86,0.0,4.625,6.25
1334,2019-08-27,82,0.0,17.0,7.75
1335,2019-08-28,69,0.0,72.0,5.625
1336,2019-08-29,83,0.0,14.375,7.5
1337,2019-08-30,58,0.1,45.625,7.25
1338,2019-08-31,82,0.0,26.5,6.0
1339,2019-09-01,87,0.0,33.5,3.875
1340,2019-09-02,89,0.0,19.0,4.75
1341,2019-09-03,78,0.0,22.25,7.0
1342,2019-09-04,78,0.0,44.0,7.5
1343,2019-09-05,85,0.0,38.625,5.25
1344,2019-09-06,76,0.1,58.125,4.75
1345,2019-09-07,74,0.1,76.75,3.875
1346,2019-09-08,73,0.1,70.375,6.125
1347,2019-09-09,78,0.0,15.625,5.0
1348,2019-09-10,78,0.0,22.75,3.625
1349,2019-09-11,76,0.0,21.0,5.75
1350,2019-09-12,70,0.0,2.25,6.125
1351,2019-09-13,75,0.0,0.5,3.875
1352,2019-09-14,81,0.0,0.0,4.5
1353,2019-09-15,78,0.0,14.875,5.0
1354,2019-09-16,77,0.0,22.25,4.0
1355,2019-09-17,77,0.0,13.0,5.0
1356,2019-09-18,77,0.0,5.125,3.375
1357,2019-09-19,80,0.0,23.0,4.5
1358,2019-09-20,77,0.0,18.125,9.0
1359,2019-09-21,68,0.0,22.125,4.625
1360,2019-09-22,68,0.0,12.75,5.875
1361,2019-09-23,72,0.0,42.75,3.375
1362,2019-09-24,79,0.0,2.375,4.0
1363,2019-09-25,74,0.0,0.375,4.375
1364,2019-09-26,75,0.0,13.625,3.625
1365,2019-09-27,64,0.0,50.5,6.625
1366,2019-09-28,68,0.0,22.625,6.0
1367,2019-09-29,74,0.0,0.5,12.375
1368,2019-09-30,74,0.0,1.125,4.0
1369,2019-10-01,60,0.0,15.875,7.625
1370,2019-10-02,67,0.0,25.25,4.25
1371,2019-10-03,64,0.0,0.0,5.125
1372,2019-10-04,71,0.0,2.375,4.125
1373,2019-10-05,63,0.0,5.625,4.375
1374,2019-10-06,56,0.0,2.5,6.375
1375,2019-10-07,68,0.0,0.375,3.625
1376,2019-10-08,68,0.0,28.0,4.75
1377,2019-10-09,68,0.0,30.75,9.125
1378,2019-10-10,25,0.0,66.0,7.75
1379,2019-10-11,42,0.0,12.125,5.0
1380,2019-10-12,55,0.0,0.625,5.125
1381,2019-10-13,63,0.0,1.875,4.125
1382,2019-10-14,63,0.0,4.25,4.75
1383,2019-10-15,57,0.0,1.25,4.125
1384,2019-10-16,66,0.0,4.5,3.0
1385,2019-10-17,66,0.0,9.875,4.375
1386,2019-10-18,57,0.0,31.125,5.625
1387,2019-10-19,57,0.0,16.5,3.875
1388,2019-10-20,45,0.0,9.375,12.875
1389,2019-10-21,46,0.0,8.625,9.75
1390,2019-10-22,52,0.0,5.0,6.75
1391,2019-10-23,57,0.0,26.0,6.0
1392,2019-10-24,32,0.1,74.25,5.375
1393,2019-10-25,48,0.0,2.5,5.375
1394,2019-10-26,59,0.0,14.875,5.75
1395,2019-10-27,26,0.0,83.25,9.5
1396,2019-10-28,22,0.1,66.375,3.875
1397,2019-10-29,16,0.0,74.375,6.875
1398,2019-10-30,15,0.0,66.75,4.0
1399,2019-10-31,35,0.0,2.875,5.0
1400,2019-11-01,31,0.0,29.25,3.625
1401,2019-11-02,43,0.0,5.75,3.25
1402,2019-11-03,50,0.0,7.875,4.375
1403,2019-11-04,44,0.0,10.875,3.25
1404,2019-11-05,54,0.0,6.375,3.25
1405,2019-11-06,47,0.0,8.875,4.875
1406,2019-11-07,42,0.0,32.125,3.125
1407,2019-11-08,57,0.0,0.5,4.125
1408,2019-11-09,61,0.0,0.0,4.5
1409,2019-11-10,55,0.0,6.5,4.375
1410,2019-11-11,28,0.0,40.5,4.75
1411,2019-11-12,49,0.0,3.375,4.125
1412,2019-11-13,49,0.0,13.875,7.125
1413,2019-11-14,48,0.0,8.625,3.375
1414,2019-11-15,55,0.0,14.375,3.25
1415,2019-11-16,53,0.0,20.625,6.5
1416,2019-11-17,49,0.0,19.875,3.75
1417,2019-11-18,54,0.0,22.0,3.625
1418,2019-11-19,53,0.0,45.25,3.375
1419,2019-11-20,42,0.0,74.375,6.125
1420,2019-11-21,28,0.1,82.375,6.0
1421,2019-11-22,36,0.0,68.125,2.75
1422,2019-11-23,44,0.0,1.5,6.125
1423,2019-11-24,44,0.0,36.875,5.25
1424,2019-11-25,38,0.1,37.25,5.875
1425,2019-11-26,21,0.2,86.0,10.5
1426,2019-11-27,15,0.0,33.5,3.375
1427,2019-11-28,23,0.0,37.625,1.625
1428,2019-11-29,34,0.0,34.875,2.375
1429,2019-11-30,30,0.0,39.875,5.375
1430,2019-12-01,35,0.0,2.0,3.625
1431,2019-12-02,43,0.0,3.0,5.375
1432,2019-12-03,47,0.0,1.875,3.5
1433,2019-12-04,41,0.0,69.125,3.0
1434,2019-12-05,39,0.0,50.75,3.25
1435,2019-12-06,43,0.0,9.0,2.5
1436,2019-12-07,49,0.0,7.75,4.75
1437,2019-12-08,45,0.0,52.0,4.25
1438,2019-12-09,35,0.0,10.375,3.875
1439,2019-12-10,38,0.0,12.375,3.75
1440,2019-12-11,40,0.0,30.125,3.5
1441,2019-12-12,40,0.0,18.5,4.125
1442,2019-12-13,40,0.0,3.375,9.125
1443,2019-12-14,34,0.0,67.125,3.875
1444,2019-12-15,27,0.1,94.375,3.75
1445,2019-12-16,26,0.0,12.25,5.375
1446,2019-12-17,27,0.0,0.25,5.25
1447,2019-12-18,42,0.0,25.0,4.625
1448,2019-12-19,39,0.0,56.625,3.375
1449,2019-12-20,42,0.0,2.75,4.5
1450,2019-12-21,45,0.0,15.25,5.25
1451,2019-12-22,46,0.0,82.5,5.375
1452,2019-12-23,46,0.0,100.0,3.875
1453,2019-12-24,47,0.0,31.25,2.25
1454,2019-12-25,42,0.0,22.0,3.375
1455,2019-12-26,36,0.0,38.375,2.5
1456,2019-12-27,35,0.0,37.0,2.5
1457,2019-12-28,26,0.1,86.25,9.25
1458,2019-12-29,24,0.0,32.25,3.625
1459,2019-12-30,27,0.0,2.5,4.0
1460,2019-12-31,34,0.0,1.625,4.125
1461,2020-01-01,38,0.0,15.625,5.0
1462,2020-01-02,35,0.0,11.625,5.125
1463,2020-01-03,35,0.0,8.125,4.5
1464,2020-01-04,43,0.0,6.5,5.125
1465,2020-01-05,37,0.0,4.375,5.125
1466,2020-01-06,38,0.0,2.0,3.875
1467,2020-01-07,44,0.0,0.75,4.625
1468,2020-01-08,44,0.0,6.375,5.875
1469,2020-01-09,37,0.0,19.75,4.25
1470,2020-01-10,29,0.0,56.375,4.125
1471,2020-01-11,33,0.0,32.75,2.625
1472,2020-01-12,35,0.0,19.5,4.0
1473,2020-01-13,37,0.0,3.25,3.375
1474,2020-01-14,41,0.0,0.75,5.5
1475,2020-01-15,41,0.0,0.75,2.875
1476,2020-01-16,36,0.0,28.25,1.375
1477,2020-01-17,41,0.0,24.25,6.75
1478,2020-01-18,35,0.0,7.75,3.625
1479,2020-01-19,40,0.0,3.125,2.25
1480,2020-01-20,40,0.0,16.625,3.25
1481,2020-01-21,43,0.0,60.375,2.0
1482,2020-01-22,43,0.0,34.0,5.625
1483,2020-01-23,40,0.0,21.5,4.125
1484,2020-01-24,43,0.0,18.625,3.125
1485,2020-01-25,45,0.0,33.375,3.25
1486,2020-01-26,45,0.0,14.25,3.25
1487,2020-01-27,40,0.0,71.375,3.75
1488,2020-01-28,41,0.0,12.125,4.125
1489,2020-01-29,36,0.0,88.0,2.875
1490,2020-01-30,35,0.0,55.875,4.25
1491,2020-01-31,40,0.0,13.75,5.25
1492,2020-02-01,50,0.0,4.25,6.125
1493,2020-02-02,52,0.0,0.0,9.75
1494,2020-02-03,30,0.1,57.0,8.375
1495,2020-02-04,16,0.0,93.75,5.25
1496,2020-02-05,20,0.0,19.375,3.625
1497,2020-02-06,29,0.0,67.75,5.125
1498,2020-02-07,26,0.1,81.125,5.25
1499,2020-02-08,32,0.0,29.75,4.25
1500,2020-02-09,25,0.0,61.375,3.75
1501,2020-02-10,25,0.0,40.375,3.5
1502,2020-02-11,23,0.0,26.5,3.75
1503,2020-02-12,25,0.0,65.0,4.625
1504,2020-02-13,23,0.0,35.625,3.625
1505,2020-02-14,34,0.0,27.625,5.0
1506,2020-02-15,33,0.0,6.25,3.25
1507,2020-02-16,37,0.0,10.25,4.0
1508,2020-02-17,36,0.0,18.25,4.375
1509,2020-02-18,28,0.0,61.75,3.125
1510,2020-02-19,24,0.0,61.375,5.125
1511,2020-02-20,26,0.0,28.125,2.625
1512,2020-02-21,36,0.0,2.625,4.125
1513,2020-02-22,41,0.0,16.75,4.75
1514,2020-02-23,35,0.0,80.875,4.25
1515,2020-02-24,34,0.0,8.625,11.0
1516,2020-02-25,25,0.0,64.5,11.625
1517,2020-02-26,32,0.0,9.875,3.875
1518,2020-02-27,38,0.0,6.625,5.125
1519,2020-02-28,45,0.0,0.0,4.875
1520,2020-02-29,45,0.0,27.625,4.625
1521,2020-03-01,40,0.0,46.75,6.375
1522,2020-03-02,39,0.0,23.25,2.5
1523,2020-03-03,48,0.0,0.25,4.875
1524,2020-03-04,50,0.0,3.875,5.125
1525,2020-03-05,46,0.0,2.5,3.875
1526,2020-03-06,52,0.0,15.625,3.875
1527,2020-03-07,55,0.0,36.875,6.125
1528,2020-03-08,55,0.0,25.125,5.75
1529,2020-03-09,50,0.1,48.375,3.375
1530,2020-03-10,52,0.0,19.875,4.375
1531,2020-03-11,56,0.0,6.375,6.125
1532,2020-03-12,50,0.0,10.375,4.875
1533,2020-03-13,40,0.0,65.125,3.375
1534,2020-03-14,45,0.0,19.75,5.0
1535,2020-03-15,46,0.0,14.25,2.625
1536,2020-03-16,55,0.0,8.125,4.25
1537,2020-03-17,49,0.0,31.625,3.25
1538,2020-03-18,56,0.0,13.25,6.875
1539,2020-03-19,37,0.3,91.25,11.25
1540,2020-03-20,25,0.0,69.25,4.375
1541,2020-03-21,40,0.0,33.25,4.5
1542,2020-03-22,44,0.0,19.0,3.875
1543,2020-03-23,48,0.0,30.5,4.25
1544,2020-03-24,52,0.0,11.75,4.25
1545,2020-03-25,53,0.0,33.75,6.625
1546,2020-03-26,55,0.0,14.25,8.75
1547,2020-03-27,42,0.0,55.125,6.25
1548,2020-03-28,41,0.0,45.125,7.875
1549,2020-03-29,46,0.0,27.625,4.0
1550,2020-03-30,49,0.0,39.5,5.5
1551,2020-03-31,56,0.0,4.125,4.625
1552,2020-04-01,57,0.0,12.5,4.125
1553,2020-04-02,35,0.0,62.375,7.0
1554,2020-04-03,35,0.0,67.625,6.5
1555,2020-04-04,48,0.0,23.375,2.625
1556,2020-04-05,55,0.0,25.25,3.375
1557,2020-04-06,61,0.0,6.25,5.5
1558,2020-04-07,64,0.0,3.375,5.75
1559,2020-04-08,62,0.0,4.75,5.25
1560,2020-04-09,47,0.0,35.5,7.0
1561,2020-04-10,62,0.0,37.875,4.625
1562,2020-04-11,60,0.0,28.5,5.875
1563,2020-04-12,26,0.1,92.75,9.875
1564,2020-04-13,21,0.1,89.125,6.75
1565,2020-04-14,32,0.0,22.75,5.125
1566,2020-04-15,42,0.0,37.0,5.375
1567,2020-04-16,28,0.2,87.75,7.75
1568,2020-04-17,34,0.0,18.125,3.375
1569,2020-04-18,46,0.0,40.625,4.375
1570,2020-04-19,50,0.0,64.875,5.625
1571,2020-04-20,56,0.0,23.375,3.375
1572,2020-04-21,57,0.0,46.625,4.125
1573,2020-04-22,59,0.0,36.0,7.125
1574,2020-04-23,58,0.0,25.375,8.25
1575,2020-04-24,52,0.0,63.0,6.625
1576,2020-04-25,55,0.0,24.25,4.75
1577,2020-04-26,62,0.0,33.75,5.25
1578,2020-04-27,68,0.0,10.75,6.375
1579,2020-04-28,65,0.0,7.625,10.75
1580,2020-04-29,63,0.0,3.25,5.625
1581,2020-04-30,72,0.0,41.75,5.875
1582,2020-05-01,73,0.0,31.625,5.875
1583,2020-05-02,66,0.0,62.75,7.0
1584,2020-05-03,67,0.0,53.0,4.75
1585,2020-05-04,62,0.0,16.25,5.75
1586,2020-05-05,62,0.0,15.75,3.25
1587,2020-05-06,62,0.0,11.375,6.25
1588,2020-05-07,65,0.0,2.0,9.375
1589,2020-05-08,51,0.0,23.75,7.875
1590,2020-05-09,51,0.0,36.5,8.625
1591,2020-05-10,54,0.0,26.5,6.625
1592,2020-05-11,48,0.0,48.75,5.5
1593,2020-05-12,64,0.0,36.75,4.375
1594,2020-05-13,69,0.0,13.375,5.625
1595,2020-05-14,64,0.0,43.25,4.0
1596,2020-05-15,61,0.0,71.375,4.125
1597,2020-05-16,63,0.0,68.75,6.5
1598,2020-05-17,74,0.0,29.375,3.75
1599,2020-05-18,78,0.0,13.5,4.5
1600,2020-05-19,79,0.0,18.875,7.5
1601,2020-05-20,75,0.0,13.25,12.625
1602,2020-05-21,67,0.0,20.25,6.75
1603,2020-05-22,71,0.0,16.0,7.0
1604,2020-05-23,71,0.0,44.625,7.5
1605,2020-05-24,58,0.1,54.0,6.625
1606,2020-05-25,58,0.0,54.25,4.125
1607,2020-05-26,69,0.0,16.0,5.0
1608,2020-05-27,74,0.0,15.5,4.875
1609,2020-05-28,66,0.0,60.5,6.125
1610,2020-05-29,76,0.0,35.0,4.125
1611,2020-05-30,78,0.0,35.5,8.75
1612,2020-05-31,77,0.0,27.75,5.875
1613,2020-06-01,77,0.0,39.0,8.75
1614,2020-06-02,78,0.0,49.75,6.0
1615,2020-06-03,78,0.0,38.375,3.75
1616,2020-06-04,81,0.0,36.875,4.5
1617,2020-06-05,81,0.0,39.125,5.75
1618,2020-06-06,74,0.0,56.75,13.25
1619,2020-06-07,79,0.0,3.0,11.5
1620,2020-06-08,72,0.0,11.75,10.125
1621,2020-06-09,55,0.1,48.0,12.875
1622,2020-06-10,69,0.0,10.0,5.0
1623,2020-06-11,75,0.0,8.875,6.25
1624,2020-06-12,81,0.0,4.0,8.0
1625,2020-06-13,78,0.0,27.75,4.875
1626,2020-06-14,79,0.0,14.625,10.875
1627,2020-06-15,83,0.0,5.5,5.625
1628,2020-06-16,84,0.0,8.375,10.0
1629,2020-06-17,82,0.0,21.5,9.0
1630,2020-06-18,64,0.0,38.5,6.75
1631,2020-06-19,61,0.1,68.625,4.75
1632,2020-06-20,74,0.0,22.375,5.875
1633,2020-06-21,76,0.0,43.625,4.5
1634,2020-06-22,72,0.0,43.25,5.375
1635,2020-06-23,77,0.0,33.625,5.125
1636,2020-06-24,82,0.0,31.875,4.375
1637,2020-06-25,79,0.0,49.0,5.75
1638,2020-06-26,72,0.1,48.0,5.5
1639,2020-06-27,78,0.0,27.5,4.875
1640,2020-06-28,82,0.0,64.25,5.875
1641,2020-06-29,81,0.0,29.875,9.25
1642,2020-06-30,74,0.0,19.5,5.375
1643,2020-07-01,78,0.0,15.125,6.5
1644,2020-07-02,83,0.0,9.25,6.0
1645,2020-07-03,80,0.0,28.875,5.625
1646,2020-07-04,77,0.0,49.625,6.5
1647,2020-07-05,79,0.0,35.125,5.875
1648,2020-07-06,83,0.0,28.625,6.375
1649,2020-07-07,87,0.0,38.375,8.0
1650,2020-07-08,88,0.0,2.125,5.875
1651,2020-07-09,85,0.0,7.875,5.0
1652,2020-07-10,89,0.0,11.875,4.5
1653,2020-07-11,82,0.0,8.5,7.25
1654,2020-07-12,86,0.0,18.5,7.0
1655,2020-07-13,87,0.0,44.625,7.625
1656,2020-07-14,78,0.1,39.5,7.75
1657,2020-07-15,76,0.0,47.125,9.125
1658,2020-07-16,79,0.0,39.75,7.125
1659,2020-07-17,83,0.0,30.25,6.25
1660,2020-07-18,82,0.0,38.75,7.75
1661,2020-07-19,73,0.0,44.0,6.375
1662,2020-07-20,83,0.0,30.375,7.625
1663,2020-07-21,75,0.1,59.375,8.25
1664,2020-07-22,83,0.0,43.0,5.75
1665,2020-07-23,82,0.0,22.125,4.75
1666,2020-07-24,81,0.0,36.125,4.0
1667,2020-07-25,76,0.1,52.5,4.25
1668,2020-07-26,72,0.0,66.75,5.125
1669,2020-07-27,79,0.0,33.0,6.125
1670,2020-07-28,76,0.0,44.25,4.0
1671,2020-07-29,81,0.0,25.75,8.5
1672,2020-07-30,74,0.0,50.0,6.25
1673,2020-07-31,76,0.0,51.625,4.25
1674,2020-08-01,80,0.0,34.125,4.25
1675,2020-08-02,76,0.0,42.375,4.625
1676,2020-08-03,78,0.0,38.25,4.625
1677,2020-08-04,81,0.0,37.75,6.5
1678,2020-08-05,81,0.0,45.625,6.125
1679,2020-08-06,79,0.0,60.875,4.625
1680,2020-08-07,87,0.0,13.75,5.25
1681,2020-08-08,86,0.0,11.375,5.125
1682,2020-08-09,85,0.0,8.5,6.0
1683,2020-08-10,76,0.0,33.0,7.0
1684,2020-08-11,84,0.0,21.25,4.375
1685,2020-08-12,85,0.0,26.25,5.25
1686,2020-08-13,87,0.0,16.25,5.375
1687,2020-08-14,87,0.0,3.875,7.625
1688,2020-08-15,83,0.0,2.75,5.625
1689,2020-08-16,88,0.0,3.25,5.125
1690,2020-08-17,85,0.0,30.125,4.75
1691,2020-08-18,87,0.0,22.5,5.375
1692,2020-08-19,84,0.0,30.5,5.125
1693,2020-08-20,84,0.0,36.5,4.625
1694,2020-08-21,86,0.0,24.25,5.375
1695,2020-08-22,88,0.0,3.875,6.375
1696,2020-08-23,88,0.0,16.625,3.75
1697,2020-08-24,86,0.0,23.5,5.375
1698,2020-08-25,86,0.0,47.25,4.625
1699,2020-08-26,84,0.0,38.25,7.25
1700,2020-08-27,85,0.0,34.75,5.75
1701,2020-08-28,72,0.1,48.25,6.875
1702,2020-08-29,75,0.0,26.875,4.875
1703,2020-08-30,81,0.0,18.0,7.125
1704,2020-08-31,70,0.0,46.25,8.75
